{"cameraMode":{"drawMode":0,"name":"Shaded","section":"Shading Mode"},"sceneLighting":true,"audioPlay":false,"sceneViewState":{"showFog":true,"showMaterialUpdate":false,"showSkybox":true,"showFlares":true,"showImageEffects":true,"showParticleSystems":true,"showVisualEffectGraphs":true,"m_FxEnabled":true},"in2DMode":false,"pivot":{"x":520.984619140625,"y":191.30604553222657,"z":-45.09187316894531},"rotation":{"x":0.24778790771961213,"y":0.027606751769781114,"z":-0.007063852157443762,"w":0.9683957099914551},"size":795.1314086914063,"orthographic":false}